category,n,accuracy
stem,164.0,0.4878048780487805
social_science,370.0,0.46756756756756757
language,155.0,0.3935483870967742
humanities,1162.0,0.33562822719449226
