category,n,accuracy
language,155.0,0.2838709677419355
stem,164.0,0.2682926829268293
social_science,370.0,0.2594594594594595
humanities,1162.0,0.2573149741824441
