{
  "dataset_root": "/root/.cache/huggingface/hub/datasets--naist-nlp--SinhalaMMLU/snapshots/aa73a2b1cb58a7933966aa732c5b12ce586b2087",
  "dataset_questions": 1851,
  "culture_questions_detected": 1393,
  "test_model_summary": {
    "model": "ovinduG/sinhala-aya-global-adapter (adapter on CohereLabs/tiny-aya-global)",
    "num_questions": 1851,
    "overall_accuracy": 0.26094003241491087,
    "overall_ci95": [
      0.24095083738519718,
      0.2820097244732577
    ],
    "culture_questions": 1393,
    "culture_accuracy": 0.25699928212491024,
    "culture_ci95": [
      0.2347451543431443,
      0.27925340990667624
    ],
    "nonculture_questions": 458,
    "nonculture_accuracy": 0.27292576419213976,
    "nonculture_ci95": [
      0.23580786026200873,
      0.31222707423580787
    ],
    "culture_minus_nonculture": -0.01592648206722952,
    "avg_confidence": 0.3670799454793873
  }
}