metric,TinyAya-Global,Qwen3-4B,Delta (Qwen-Aya)
Overall accuracy,0.26094003241491087,0.3803349540788763,0.11939492166396543
Culture accuracy,0.25699928212491024,0.3653984206748026,0.10839913854989236
Non-culture accuracy,0.27292576419213976,0.425764192139738,0.15283842794759822
Culture - nonculture gap,-0.01592648206722952,-0.06036577146493538,-0.04443928939770586
Average confidence,0.3670799454793873,0.5718752213067972,0.20479527582740992
Overall 95% CI lower,0.24095083738519718,0.35980551053484605,0.11885467314964887
Overall 95% CI upper,0.2820097244732577,0.4019448946515397,0.11993517017828204
Overall 95% CI width,0.04105888708806049,0.04213938411669366,0.001080497028633165
